{"height": "6-3", "weight": "15-10", "wingspan": "6-3", "standing_reach": "8-1", "PF": 1554.0, "MIN": 21502.0, "TOV": 1970.0, "STL": 1108.0, "PTS": 14405.0, "3PA": 4872.0, "FGA": 10491.0, "FTA": 2508.0, "REB": 2756.0, "AST": 4226.0, "DRB": 440.0, "FT": 2265.0, "GP": 624.0, "index": "value", "FG": 5007.0, "BLK": 128.0, "3P": 2126.0, "PPG": 23.084935897435898, "RPG": 4.416666666666667, "SPG": 1.7756410256410255, "APG": 6.772435897435898, "BPG": 0.20512820512820512, "TPG": 3.157051282051282, "FG-PG": 8.024038461538462, "FGA-PG": 16.8125, "3P-PG": 3.407051282051282, "3PA-PG": 7.8076923076923075, "FT-PG": 3.6298076923076925, "FTA-PG": 4.019230769230769, "MPG": 34.458333333333336, "PF-PG": 2.4903846153846154, "FG%": 0.4772662281955962, "3P%": 0.4363711001642036, "FT%": 0.90311004784689}